site,alpha,rate_1,rate_2,rate_3,rate_4,truth_signal_source,truth_positive,true_positive,truth_max_omega,truth_n_positive_groups
1,0.77,0.0,0.0,0.0,0.0,rate_over_alpha,false,false,0.0,0
2,2.98,0.0,0.4,0.0,0.14,rate_over_alpha,false,false,0.1342281879194631,0
3,1.46,1.36,1.36,1.36,1.36,rate_over_alpha,false,false,0.9315068493150686,0
4,0.51,0.0,0.0,0.0,0.0,rate_over_alpha,false,false,0.0,0
5,1.34,0.03,0.52,0.0,0.02,rate_over_alpha,false,false,0.3880597014925373,0
6,0.05,0.17,0.17,0.17,0.17,rate_over_alpha,true,true,3.4,4
7,4.24,0.0,0.0,0.0,0.0,rate_over_alpha,false,false,0.0,0
8,0.56,1.12,1.12,1.12,1.12,rate_over_alpha,true,true,2.0,4
9,0.92,0.0,0.0,0.0,0.0,rate_over_alpha,false,false,0.0,0
10,0.69,0.56,0.0,0.43,0.08,rate_over_alpha,false,false,0.8115942028985509,0
11,0.42,0.09,0.09,0.09,0.09,rate_over_alpha,false,false,0.21428571428571427,0
12,1.81,2.2,2.2,2.2,2.2,rate_over_alpha,true,true,1.2154696132596685,4
13,0.32,0.6,0.6,0.6,0.6,rate_over_alpha,true,true,1.875,4
14,1.33,0.0,0.0,0.0,0.0,rate_over_alpha,false,false,0.0,0
15,0.2,0.0,0.0,0.0,0.0,rate_over_alpha,false,false,0.0,0
16,0.3,0.0,0.0,0.0,0.0,rate_over_alpha,false,false,0.0,0
17,0.68,0.02,0.02,0.02,0.02,rate_over_alpha,false,false,0.029411764705882353,0
18,0.86,0.04,0.0,1.84,0.05,rate_over_alpha,true,true,2.1395348837209305,1
19,0.63,0.0,0.0,0.29,0.0,rate_over_alpha,false,false,0.4603174603174603,0
20,0.82,0.13,0.13,0.13,0.13,rate_over_alpha,false,false,0.15853658536585366,0
21,0.92,0.02,0.02,0.02,0.02,rate_over_alpha,false,false,0.021739130434782608,0
22,0.2,0.32,0.32,0.32,0.32,rate_over_alpha,true,true,1.5999999999999999,4
23,0.49,0.0,0.0,0.0,0.0,rate_over_alpha,false,false,0.0,0
24,0.9,0.21,0.21,0.21,0.21,rate_over_alpha,false,false,0.2333333333333333,0
25,2.25,0.0,0.6,0.0,0.0,rate_over_alpha,false,false,0.26666666666666666,0
26,2.49,0.0,0.19,0.0,0.48,rate_over_alpha,false,false,0.19277108433734938,0
27,0.98,0.0,0.0,0.0,0.0,rate_over_alpha,false,false,0.0,0
28,1.28,0.18,0.18,0.18,0.18,rate_over_alpha,false,false,0.140625,0
29,1.7,0.58,0.58,0.58,0.58,rate_over_alpha,false,false,0.3411764705882353,0
30,0.48,0.44,0.44,0.44,0.44,rate_over_alpha,false,false,0.9166666666666667,0
31,0.09,0.14,0.14,0.14,0.14,rate_over_alpha,true,true,1.5555555555555558,4
32,2.01,0.0,0.0,0.0,0.0,rate_over_alpha,false,false,0.0,0
33,0.71,0.0,0.0,0.0,0.0,rate_over_alpha,false,false,0.0,0
34,0.24,0.0,0.28,0.0,0.0,rate_over_alpha,true,true,1.1666666666666667,1
35,0.51,0.38,0.38,0.38,0.38,rate_over_alpha,false,false,0.7450980392156863,0
36,0.5,0.96,0.96,0.96,0.96,rate_over_alpha,true,true,1.92,4
37,0.21,0.0,0.0,0.0,0.0,rate_over_alpha,false,false,0.0,0
38,0.49,0.63,1.66,0.97,0.11,rate_over_alpha,true,true,3.387755102040816,3
39,0.54,0.0,0.54,0.0,0.01,rate_over_alpha,false,false,1.0,0
40,0.24,0.0,0.02,0.0,0.03,rate_over_alpha,false,false,0.125,0
41,0.57,0.0,0.0,0.0,0.0,rate_over_alpha,false,false,0.0,0
42,2.39,0.0,0.0,0.0,0.0,rate_over_alpha,false,false,0.0,0
43,3.2,0.02,0.02,0.02,0.02,rate_over_alpha,false,false,0.0062499999999999995,0
44,0.49,0.0,0.0,0.0,0.12,rate_over_alpha,false,false,0.24489795918367346,0
45,1.04,0.07,0.07,0.07,0.07,rate_over_alpha,false,false,0.06730769230769232,0
46,1.51,0.01,0.0,0.0,0.0,rate_over_alpha,false,false,0.006622516556291391,0
47,2.59,0.0,0.0,0.04,0.0,rate_over_alpha,false,false,0.015444015444015444,0
48,0.9,0.0,0.0,0.0,0.0,rate_over_alpha,false,false,0.0,0
49,0.57,0.06,0.43,0.07,0.09,rate_over_alpha,false,false,0.7543859649122807,0
50,0.66,0.0,0.0,0.4,0.26,rate_over_alpha,false,false,0.6060606060606061,0
51,0.19,0.25,0.03,0.14,0.01,rate_over_alpha,true,true,1.3157894736842106,1
52,1.12,0.63,0.63,0.63,0.63,rate_over_alpha,false,false,0.5625,0
53,2.06,0.0,0.01,0.34,0.0,rate_over_alpha,false,false,0.1650485436893204,0
54,0.27,0.0,0.0,0.0,0.0,rate_over_alpha,false,false,0.0,0
55,0.73,0.0,0.0,0.0,0.0,rate_over_alpha,false,false,0.0,0
56,0.27,0.01,0.01,0.01,0.01,rate_over_alpha,false,false,0.037037037037037035,0
57,2.05,0.05,0.05,0.05,0.05,rate_over_alpha,false,false,0.02439024390243903,0
58,2.74,0.11,0.11,0.11,0.11,rate_over_alpha,false,false,0.040145985401459854,0
59,1.37,0.0,0.02,0.79,0.16,rate_over_alpha,false,false,0.5766423357664233,0
60,0.11,0.0,0.0,0.0,0.0,rate_over_alpha,false,false,0.0,0
61,0.45,0.49,0.49,0.49,0.49,rate_over_alpha,true,true,1.0888888888888888,4
62,0.59,0.0,0.1,0.21,0.0,rate_over_alpha,false,false,0.3559322033898305,0
63,1.41,0.0,0.0,0.0,0.0,rate_over_alpha,false,false,0.0,0
64,0.08,0.29,0.29,0.29,0.29,rate_over_alpha,true,true,3.6249999999999996,4
65,0.2,0.0,0.0,0.0,0.0,rate_over_alpha,false,false,0.0,0
66,0.59,0.44,0.0,0.0,0.02,rate_over_alpha,false,false,0.7457627118644068,0
67,0.18,0.08,0.1,0.01,0.41,rate_over_alpha,true,true,2.2777777777777777,1
68,1.16,0.0,0.0,0.0,0.0,rate_over_alpha,false,false,0.0,0
69,1.34,0.29,0.29,0.29,0.29,rate_over_alpha,false,false,0.21641791044776115,0
70,0.45,0.12,0.12,0.12,0.12,rate_over_alpha,false,false,0.26666666666666666,0
71,0.27,0.09,0.09,0.09,0.09,rate_over_alpha,false,false,0.3333333333333333,0
72,2.84,0.0,0.0,0.0,0.0,rate_over_alpha,false,false,0.0,0
73,1.56,0.38,0.38,0.38,0.38,rate_over_alpha,false,false,0.24358974358974358,0
74,0.67,0.16,0.16,0.16,0.16,rate_over_alpha,false,false,0.23880597014925373,0
75,1.81,0.09,0.09,0.09,0.09,rate_over_alpha,false,false,0.049723756906077346,0
76,0.07,0.0,0.27,0.0,0.0,rate_over_alpha,true,true,3.857142857142857,1
77,0.8,0.09,0.09,0.09,0.09,rate_over_alpha,false,false,0.11249999999999999,0
78,1.66,0.0,0.0,0.0,0.0,rate_over_alpha,false,false,0.0,0
79,1.9,0.0,0.0,0.0,0.14,rate_over_alpha,false,false,0.0736842105263158,0
80,0.65,0.37,0.37,0.37,0.37,rate_over_alpha,false,false,0.5692307692307692,0
81,0.77,0.0,0.01,0.9,0.0,rate_over_alpha,true,true,1.1688311688311688,1
82,0.15,0.05,0.0,0.35,0.27,rate_over_alpha,true,true,2.3333333333333335,2
83,0.91,0.36,0.9,0.0,0.0,rate_over_alpha,false,false,0.989010989010989,0
84,0.99,0.03,0.03,0.03,0.03,rate_over_alpha,false,false,0.030303030303030304,0
85,0.61,0.1,0.1,0.1,0.1,rate_over_alpha,false,false,0.1639344262295082,0
86,0.59,0.02,0.02,0.02,0.02,rate_over_alpha,false,false,0.03389830508474576,0
87,0.7,0.65,0.65,0.65,0.65,rate_over_alpha,false,false,0.9285714285714287,0
88,1.42,0.0,0.0,0.0,0.0,rate_over_alpha,false,false,0.0,0
89,0.59,0.0,0.01,0.54,0.97,rate_over_alpha,true,true,1.6440677966101696,1
90,0.15,0.08,0.08,0.08,0.08,rate_over_alpha,false,false,0.5333333333333333,0
91,0.31,0.03,0.03,0.03,0.03,rate_over_alpha,false,false,0.0967741935483871,0
92,0.54,1.26,0.0,0.04,0.01,rate_over_alpha,true,true,2.333333333333333,1
93,1.43,0.0,0.0,0.0,0.0,rate_over_alpha,false,false,0.0,0
94,1.18,0.0,0.0,0.0,0.0,rate_over_alpha,false,false,0.0,0
95,1.64,0.0,0.0,0.0,0.0,rate_over_alpha,false,false,0.0,0
96,0.79,0.0,0.0,0.0,0.0,rate_over_alpha,false,false,0.0,0
97,1.96,0.36,0.36,0.36,0.36,rate_over_alpha,false,false,0.1836734693877551,0
98,0.07,0.01,0.01,0.01,0.01,rate_over_alpha,false,false,0.14285714285714285,0
99,1.4,0.0,0.0,0.0,0.0,rate_over_alpha,false,false,0.0,0
100,0.25,0.0,0.0,0.0,0.0,rate_over_alpha,false,false,0.0,0
101,0.59,0.06,0.06,0.06,0.06,rate_over_alpha,false,false,0.1016949152542373,0
102,0.99,1.5,1.5,1.5,1.5,rate_over_alpha,true,true,1.5151515151515151,4
103,1.63,0.01,0.01,0.0,0.0,rate_over_alpha,false,false,0.006134969325153374,0
104,0.03,0.0,0.02,0.0,0.07,rate_over_alpha,true,true,2.3333333333333335,1
105,2.6,0.0,0.0,0.0,0.59,rate_over_alpha,false,false,0.2269230769230769,0
106,0.14,2.01,2.01,2.01,2.01,rate_over_alpha,true,true,14.357142857142854,4
107,0.33,0.24,0.0,0.43,0.0,rate_over_alpha,true,true,1.303030303030303,1
108,1.33,0.51,0.76,0.55,0.02,rate_over_alpha,false,false,0.5714285714285714,0
109,0.56,0.03,0.03,0.03,0.03,rate_over_alpha,false,false,0.05357142857142856,0
110,0.82,0.06,0.06,0.06,0.06,rate_over_alpha,false,false,0.07317073170731707,0
111,0.37,0.2,0.2,0.2,0.2,rate_over_alpha,false,false,0.5405405405405406,0
112,0.73,0.0,0.0,0.0,0.0,rate_over_alpha,false,false,0.0,0
113,2.19,0.0,0.0,0.0,0.0,rate_over_alpha,false,false,0.0,0
114,0.21,0.04,0.04,0.04,0.04,rate_over_alpha,false,false,0.1904761904761905,0
115,3.25,0.0,0.0,0.0,0.0,rate_over_alpha,false,false,0.0,0
116,0.33,0.0,0.0,0.0,0.0,rate_over_alpha,false,false,0.0,0
117,0.75,0.03,0.0,0.0,0.08,rate_over_alpha,false,false,0.10666666666666667,0
118,0.09,0.05,0.08,0.0,0.39,rate_over_alpha,true,true,4.333333333333334,1
119,0.12,0.01,0.01,0.01,0.01,rate_over_alpha,false,false,0.08333333333333334,0
120,0.99,0.0,0.0,0.0,0.0,rate_over_alpha,false,false,0.0,0
121,0.69,1.82,1.82,1.82,1.82,rate_over_alpha,true,true,2.63768115942029,4
122,0.81,0.08,0.0,0.0,0.37,rate_over_alpha,false,false,0.4567901234567901,0
123,0.59,0.82,0.82,0.82,0.82,rate_over_alpha,true,true,1.3898305084745763,4
124,1.65,0.19,0.19,0.19,0.19,rate_over_alpha,false,false,0.11515151515151516,0
125,1.57,0.07,0.07,0.07,0.07,rate_over_alpha,false,false,0.0445859872611465,0
126,0.38,0.06,0.06,0.06,0.06,rate_over_alpha,false,false,0.15789473684210525,0
127,0.12,0.71,0.71,0.71,0.71,rate_over_alpha,true,true,5.916666666666667,4
128,0.43,0.69,0.69,0.69,0.69,rate_over_alpha,true,true,1.6046511627906976,4
129,1.21,0.01,0.0,0.29,0.15,rate_over_alpha,false,false,0.23966942148760328,0
130,1.22,1.82,1.82,1.82,1.82,rate_over_alpha,true,true,1.4918032786885247,4
131,0.7,0.04,0.04,0.04,0.04,rate_over_alpha,false,false,0.05714285714285715,0
132,1.12,0.0,0.08,0.04,0.01,rate_over_alpha,false,false,0.07142857142857142,0
133,0.21,0.01,0.01,0.01,0.01,rate_over_alpha,false,false,0.04761904761904762,0
134,0.57,0.0,0.0,0.0,0.0,rate_over_alpha,false,false,0.0,0
135,0.61,0.26,0.26,0.26,0.26,rate_over_alpha,false,false,0.42622950819672134,0
136,0.21,0.12,0.12,0.12,0.12,rate_over_alpha,false,false,0.5714285714285714,0
137,1.89,0.07,0.07,0.07,0.07,rate_over_alpha,false,false,0.03703703703703704,0
138,0.15,0.0,0.0,0.11,0.13,rate_over_alpha,false,false,0.8666666666666667,0
139,1.12,0.0,0.0,3.4,0.36,rate_over_alpha,true,true,3.035714285714285,1
140,1.68,0.41,3.51,1.91,0.0,rate_over_alpha,true,true,2.0892857142857144,2
141,0.87,0.0,0.0,0.0,0.0,rate_over_alpha,false,false,0.0,0
142,1.3,0.03,0.03,0.03,0.03,rate_over_alpha,false,false,0.023076923076923075,0
143,2.67,0.0,0.0,0.0,0.0,rate_over_alpha,false,false,0.0,0
144,1.87,1.1,0.0,0.36,0.07,rate_over_alpha,false,false,0.5882352941176471,0
145,2.31,0.0,0.53,0.01,0.85,rate_over_alpha,false,false,0.36796536796536794,0
146,0.37,0.05,0.05,0.05,0.05,rate_over_alpha,false,false,0.13513513513513514,0
147,0.23,1.08,0.29,0.14,0.0,rate_over_alpha,true,true,4.695652173913044,2
148,1.29,0.1,0.01,2.59,0.0,rate_over_alpha,true,true,2.007751937984496,1
149,0.91,0.66,0.66,0.66,0.66,rate_over_alpha,false,false,0.7252747252747253,0
150,1.43,0.32,0.32,0.32,0.32,rate_over_alpha,false,false,0.2237762237762238,0
151,1.81,1.14,1.14,1.14,1.14,rate_over_alpha,false,false,0.6298342541436464,0
152,0.46,0.09,0.09,0.09,0.09,rate_over_alpha,false,false,0.19565217391304346,0
153,2.02,1.43,1.43,1.43,1.43,rate_over_alpha,false,false,0.7079207920792079,0
154,1.1,0.0,0.0,0.32,0.22,rate_over_alpha,false,false,0.2909090909090909,0
155,1.23,0.0,0.01,2.61,0.04,rate_over_alpha,true,true,2.1219512195121952,1
156,0.19,0.0,0.0,0.0,0.0,rate_over_alpha,false,false,0.0,0
157,2.52,0.01,0.16,0.0,0.23,rate_over_alpha,false,false,0.09126984126984128,0
158,0.49,0.19,0.19,0.19,0.19,rate_over_alpha,false,false,0.3877551020408163,0
159,2.13,0.05,0.0,0.02,1.0,rate_over_alpha,false,false,0.4694835680751174,0
160,1.73,0.59,0.59,0.59,0.59,rate_over_alpha,false,false,0.34104046242774566,0
161,1.4,0.66,0.66,0.66,0.66,rate_over_alpha,false,false,0.4714285714285715,0
162,1.48,0.2,0.2,0.2,0.2,rate_over_alpha,false,false,0.13513513513513514,0
163,0.8,0.04,0.0,0.59,0.0,rate_over_alpha,false,false,0.7374999999999999,0
164,2.74,0.0,0.0,0.0,0.0,rate_over_alpha,false,false,0.0,0
165,0.01,0.0,0.03,0.22,1.67,rate_over_alpha,true,true,167.0,3
166,0.71,0.09,0.09,0.09,0.09,rate_over_alpha,false,false,0.1267605633802817,0
167,0.05,0.0,0.0,0.0,0.0,rate_over_alpha,false,false,0.0,0
168,3.62,0.02,0.02,0.02,0.02,rate_over_alpha,false,false,0.0055248618784530384,0
169,1.55,0.42,0.15,0.5,0.0,rate_over_alpha,false,false,0.3225806451612903,0
170,0.59,0.13,0.12,1.2,0.08,rate_over_alpha,true,true,2.0338983050847457,1
171,1.1,0.03,0.0,0.41,0.0,rate_over_alpha,false,false,0.3727272727272727,0
172,0.68,0.03,0.03,0.03,0.03,rate_over_alpha,false,false,0.044117647058823525,0
173,0.01,0.08,0.22,0.65,0.0,rate_over_alpha,true,true,65.0,3
174,1.06,0.01,0.14,0.0,1.5,rate_over_alpha,true,true,1.4150943396226414,1
175,2.09,1.16,1.16,1.16,1.16,rate_over_alpha,false,false,0.5550239234449761,0
176,0.19,0.03,0.03,0.03,0.03,rate_over_alpha,false,false,0.15789473684210525,0
177,0.65,0.07,0.07,0.07,0.07,rate_over_alpha,false,false,0.1076923076923077,0
178,0.2,0.0,0.0,0.0,0.0,rate_over_alpha,false,false,0.0,0
179,1.47,0.0,0.0,0.28,0.04,rate_over_alpha,false,false,0.1904761904761905,0
180,0.3,0.13,0.13,0.13,0.13,rate_over_alpha,false,false,0.43333333333333335,0
181,0.8,0.0,0.26,1.55,0.32,rate_over_alpha,true,true,1.9375,1
182,0.92,0.55,0.55,0.55,0.55,rate_over_alpha,false,false,0.5978260869565217,0
183,0.52,0.16,0.16,0.16,0.16,rate_over_alpha,false,false,0.3076923076923077,0
184,0.26,0.08,0.08,0.08,0.08,rate_over_alpha,false,false,0.3076923076923077,0
185,1.9,0.05,0.39,0.0,0.05,rate_over_alpha,false,false,0.20526315789473687,0
186,1.22,0.0,0.0,0.0,0.0,rate_over_alpha,false,false,0.0,0
187,0.97,0.0,0.0,0.0,0.0,rate_over_alpha,false,false,0.0,0
188,1.22,0.55,0.55,0.55,0.55,rate_over_alpha,false,false,0.4508196721311476,0
189,2.52,0.0,0.0,0.0,0.0,rate_over_alpha,false,false,0.0,0
190,1.63,0.36,0.36,0.36,0.36,rate_over_alpha,false,false,0.22085889570552147,0
191,1.28,0.01,0.01,0.01,0.01,rate_over_alpha,false,false,0.0078125,0
192,4.35,0.33,0.33,0.33,0.33,rate_over_alpha,false,false,0.07586206896551725,0
193,0.07,0.0,0.0,0.0,0.0,rate_over_alpha,false,false,0.0,0
194,2.05,0.0,0.0,0.0,0.0,rate_over_alpha,false,false,0.0,0
195,0.25,0.46,0.46,0.46,0.46,rate_over_alpha,true,true,1.84,4
196,0.47,0.0,0.33,0.0,0.0,rate_over_alpha,false,false,0.7021276595744682,0
197,1.79,0.0,0.0,0.0,0.0,rate_over_alpha,false,false,0.0,0
198,0.53,0.98,0.47,0.12,1.23,rate_over_alpha,true,true,2.320754716981132,2
199,0.81,0.0,0.0,0.0,0.02,rate_over_alpha,false,false,0.024691358024691357,0
200,0.15,0.23,0.0,0.16,0.07,rate_over_alpha,true,true,1.5333333333333334,2
201,0.99,0.86,0.86,0.86,0.86,rate_over_alpha,false,false,0.8686868686868687,0
202,0.73,0.32,0.32,0.32,0.32,rate_over_alpha,false,false,0.4383561643835617,0
203,0.49,0.0,0.0,0.0,0.0,rate_over_alpha,false,false,0.0,0
204,0.34,0.0,0.0,0.0,0.0,rate_over_alpha,false,false,0.0,0
205,0.22,0.0,0.0,0.0,0.0,rate_over_alpha,false,false,0.0,0
206,0.36,0.04,0.16,0.25,0.59,rate_over_alpha,true,true,1.6388888888888888,1
